{"cameraMode":{"drawMode":0,"name":"Shaded","section":"Shading Mode"},"sceneLighting":true,"audioPlay":false,"sceneViewState":{"showFog":true,"showMaterialUpdate":false,"showSkybox":true,"showFlares":true,"showImageEffects":true,"showParticleSystems":true},"in2DMode":false,"pivot":{"x":114.60000610351563,"y":0.4000000059604645,"z":-44.500701904296878},"rotation":{"x":-0.2685546576976776,"y":0.6490097045898438,"z":-0.2636057436466217,"w":-0.6611965298652649},"size":270.5195007324219,"orthographic":false}