{"cameraMode":{"drawMode":0,"name":"Shaded","section":"Shading Mode"},"sceneLighting":true,"audioPlay":false,"sceneViewState":{"showFog":true,"showMaterialUpdate":false,"showSkybox":true,"showFlares":true,"showImageEffects":true,"showParticleSystems":true},"in2DMode":false,"pivot":{"x":110.75663757324219,"y":53.541954040527347,"z":-5.934700012207031},"rotation":{"x":-0.45952436327934267,"y":-0.014938942156732083,"z":0.008120051585137844,"w":-0.8880959153175354},"size":63.163448333740237,"orthographic":false}