{"cameraMode":{"drawMode":0,"name":"Shaded","section":"Shading Mode"},"sceneLighting":true,"audioPlay":false,"sceneViewState":{"showFog":true,"showMaterialUpdate":false,"showSkybox":true,"showFlares":true,"showImageEffects":true,"showParticleSystems":true},"in2DMode":false,"pivot":{"x":8.444957733154297,"y":43.41566467285156,"z":-25.889373779296876},"rotation":{"x":0.5751314759254456,"y":0.015949686989188196,"z":-0.011216484941542149,"w":0.8178290724754334},"size":114634.859375,"orthographic":false}