{"cameraMode":{"drawMode":0,"name":"Shaded","section":"Shading Mode"},"sceneLighting":true,"audioPlay":false,"sceneViewState":{"showFog":true,"showMaterialUpdate":false,"showSkybox":true,"showFlares":true,"showImageEffects":true,"showParticleSystems":true},"in2DMode":false,"pivot":{"x":27.660987854003908,"y":9.544830322265625,"z":-225.30410766601563},"rotation":{"x":0.5751314759254456,"y":0.015949686989188196,"z":-0.011216484941542149,"w":0.8178290724754334},"size":244.22267150878907,"orthographic":false}