{"cameraMode":{"drawMode":0,"name":"Shaded","section":"Shading Mode"},"sceneLighting":false,"audioPlay":false,"sceneViewState":{"showFog":true,"showMaterialUpdate":false,"showSkybox":false,"showFlares":true,"showImageEffects":true,"showParticleSystems":true},"in2DMode":false,"pivot":{"x":639.2000122070313,"y":493.0999755859375,"z":0.0},"rotation":{"x":-0.019496574997901918,"y":0.014996596612036229,"z":0.0002924669533967972,"w":0.999697744846344},"size":28.284259796142579,"orthographic":true}