{"cameraMode":{"drawMode":0,"name":"Shaded","section":"Shading Mode"},"sceneLighting":true,"audioPlay":false,"sceneViewState":{"showFog":true,"showMaterialUpdate":false,"showSkybox":true,"showFlares":true,"showImageEffects":true,"showParticleSystems":true},"in2DMode":false,"pivot":{"x":34.30262756347656,"y":67.42931365966797,"z":-89.95931243896485},"rotation":{"x":0.36718806624412539,"y":-0.15762603282928468,"z":0.06331341713666916,"w":0.9145225882530212},"size":1.2247449159622193,"orthographic":false}