{"cameraMode":{"drawMode":0,"name":"Shaded","section":"Shading Mode"},"sceneLighting":false,"audioPlay":false,"sceneViewState":{"showFog":true,"showMaterialUpdate":false,"showSkybox":false,"showFlares":true,"showImageEffects":true,"showParticleSystems":true},"in2DMode":false,"pivot":{"x":-0.00045883655548095703,"y":1.2884750366210938,"z":-0.011302709579467774},"rotation":{"x":-0.03680563345551491,"y":0.2745244801044464,"z":-0.010599680244922638,"w":-0.9608857035636902},"size":1.8690105676651,"orthographic":false}